{
	"format_version": "1.8.0",
	"animations": {
		"animation.freddy.attack": {
			"loop": true,
			"animation_length": 4.25,
			"bones": {
				"body4": {
					"rotation": {
						"0.0": [0, 0, 0],
						"0.375": [92.5, 0, 0],
						"0.5417": [60, 0, 0],
						"0.8333": [60, "0+math.sin(query.life_time*4000)*0.8", 0],
						"2.875": [60, "0+math.sin(query.life_time*4000)*0.8", 0],
						"3.0417": [60, 0, 0],
						"3.6667": [60, 0, 0],
						"4.25": [0, 0, 0]
					}
				},
				"head2": {
					"rotation": {
						"0.0": [0, 0, 0],
						"0.125": [-62.5, 0, 0],
						"0.25": [-60, 0, 0],
						"0.4583": [15, 0, 0],
						"0.5833": [30, 0, 0],
						"0.75": [-57.5, 0, 0],
						"0.9583": [-57.5, "0+math.sin(query.life_time*6000)*2", 0],
						"2.75": [-67.3696, "0+math.sin(query.life_time*6000)*2", 0],
						"3.0417": [-72.07447, -21.20407, -0.15403],
						"3.25": [-66.2456, -34.83946, -3.58259],
						"3.5833": [-66.2456, -34.83946, -3.58259],
						"4.25": [0, 0, 0]
					},
					"position": {
						"2.8333": [0, 0, 0],
						"3.0833": [0, -1.04205, 0.6],
						"3.1667": [0, 1.73205, -1],
						"4.25": [0, 0, 0]
					},
					"scale": {
						"2.8333": [1, 1, 1],
						"2.9583": [1, 1, 0.8],
						"3.1667": [1, 0.9, 1.2],
						"3.375": [1, 1, 1]
					}
				},
				"head_up": {
					"rotation": {
						"0.0": [0, 0, 0],
						"0.1667": [-7.5, 0, 0],
						"0.3333": [-15.53, 0, 0],
						"0.5833": [15.02, 0, 0],
						"0.9583": [0, 0, 0],
						"2.9583": [-15, 0, 0],
						"3.0833": [-22.5, 0, 0],
						"3.1667": [-36.25, 0, 0],
						"3.25": [0, 0, 0],
						"3.375": [-5, 0, 0],
						"3.7917": [0, 0, 0]
					}
				},
				"head_down": {
					"rotation": {
						"0.5417": [0, 0, 0],
						"0.8333": [62.5, 0, 0],
						"2.75": [62.5, 0, 0],
						"2.9583": [77.77045, 6.76666, 2.05925],
						"3.2917": [-10, 0, 0],
						"3.5": [5, 0, 0],
						"3.7917": [0, 0, 0]
					}
				},
				"rightitem": {
					"rotation": [-360, 0, -180],
					"position": [0, -2, 0]
				},
				"bone": {
					"rotation": [0, 0, 0]
				},
				"bone10": {
					"rotation": {
						"0.0": [0, 0, 0],
						"0.4583": [-12.5, 0, 0],
						"0.6667": [-42.5, 0, 0],
						"0.875": [-47.5, 0, 0],
						"3.1667": [-20, 0, 0],
						"3.4583": [0, 0, 0]
					}
				},
				"bone9": {
					"rotation": {
						"0.0": [0, 0, 0],
						"0.4583": [2.5, 0, 0],
						"0.6667": [22.5, 0, 0],
						"0.875": [40, 0, 0],
						"3.1667": [12.5, 0, 0],
						"3.4583": [0, 0, 0]
					}
				}
			}
		},
		"animation.freddy.showtime": {
			"loop": true,
			"animation_length": 8.83333,
			"bones": {
				"body4": {
					"rotation": {
						"0.5": [0, 0, 0],
						"0.75": [0, 7.5, 0],
						"0.875": [0, 7.5, 0],
						"0.9583": [0, 7.5, 0],
						"1.1667": [0, 15, 0],
						"2.25": [0, 15, 0],
						"3.4167": [0, 15, 0],
						"4.0": [0, 0, 0],
						"5.0": [0, 0, 0],
						"5.4167": [0, -12.5, 0],
						"6.7083": [0, -12.5, 0],
						"7.9583": [0, 0, 0]
					}
				},
				"head2": {
					"rotation": {
						"0.9583": [0, 0, 0],
						"1.3333": [0, 15, 0],
						"3.25": [0, 15, 0],
						"3.5": [0, -15, 0],
						"6.0": [0, -15, 0],
						"6.4167": [0, 27.5, 0],
						"7.1667": [0, 27.5, 0],
						"7.6667": [0, 0, 0]
					}
				},
				"head_up": {
					"rotation": [0, 0, 0]
				},
				"left_arm_custom2": {
					"rotation": [-197.5, 142.5, -212.5]
				},
				"right_forearm_custom_b4": {
					"rotation": [45, 0, 0]
				},
				"bone2": {
					"rotation": [31.18939, 15.09492, 8.95891]
				},
				"right_arm_custom2": {
					"rotation": [-22.5, -17.5, 22.5]
				},
				"right_forearm_custom_b3": {
					"rotation": [-75, -12.5, 0]
				},
				"bone": {
					"rotation": [-19.71975, 3.40487, -48.09196]
				},
				"bone6": {
					"rotation": [0, 12.5, 0]
				},
				"bone5": {
					"rotation": [0, -12.5, 0]
				},
				"rightitem": {
					"rotation": [-360, 0, -180],
					"position": [0, -2, 0]
				}
			}
		},
		"animation.freddy.showtime2": {
			"loop": true,
			"animation_length": 9.25,
			"bones": {
				"body4": {
					"rotation": {
						"0.0": [0, 0, 0],
						"0.5": [0, 0, 0],
						"0.9167": [0, 15, 0],
						"1.875": [0, 15, 0],
						"2.375": [-2.66399, -14.76689, 10.34527],
						"3.5": [-2.66399, -14.76689, 10.34527],
						"4.0": [22.34, -14.77, 10.35],
						"5.125": [22.34, -14.77, 10.35],
						"5.6667": [0, 0, 0]
					}
				},
				"head2": {
					"rotation": {
						"0.0": [0, 0, 0],
						"0.75": [0, 0, 0],
						"1.625": [0, 22.5, 0],
						"2.9583": [0, 22.5, 0],
						"3.9583": [0, -22.5, 0],
						"5.0417": [0, -22.5, 0],
						"6.0": [-2.73561, 10.94211, -12.13668],
						"6.5": [-2.73561, 10.94211, -12.13668],
						"7.0833": [-19.16167, 10.94211, -12.13668],
						"7.9167": [-19.16167, 10.94211, -12.13668],
						"8.7083": [0, 0, 0]
					}
				},
				"head_down": {
					"rotation": {
						"0.0": [0, 0, 0],
						"0.5417": [0, 0, 0],
						"0.9583": [15, 0, 0],
						"1.2917": [0, 0, 0],
						"1.8333": [17.5, 0, 0],
						"2.375": [0, 0, 0],
						"3.5": [0, 0, 0],
						"3.875": [10, 0, 0],
						"4.2083": [0, 0, 0],
						"4.5833": [0, 0, 0],
						"4.9583": [12.5, 0, 0],
						"5.7083": [12.5, 0, 0],
						"6.1667": [0, 0, 0],
						"6.9583": [0, 0, 0],
						"7.5": [27.5, 0, 0],
						"8.4167": [27.5, 0, 0],
						"8.9167": [0, 0, 0]
					}
				},
				"left_arm_custom2": {
					"rotation": {
						"0.0": [130.20948, 150.35545, -202.64356],
						"1.2917": [130.21, 150.36, -202.64],
						"2.0833": [175.21, 150.36, -202.64],
						"3.9583": [175.21, 150.36, -202.64],
						"4.9583": [196.0498, 263.70551, -246.29143],
						"6.625": [196.0498, 263.70551, -246.29143],
						"7.5833": [230.17723, 92.2619, -312.40468],
						"8.6667": [230.18, 92.26, -312.4],
						"9.2083": [130.20948, 150.35545, -202.64356]
					}
				},
				"right_forearm_custom_b4": {
					"rotation": {
						"0.0": [65, 0, 0],
						"4.9583": [65, 0, 0],
						"5.7917": ["65+math.sin(query.life_time*400)*9", 0, 0],
						"7.0": [65, 0, 0]
					}
				},
				"bone2": {
					"rotation": [32.5, 0, 0]
				},
				"right_arm_custom2": {
					"rotation": {
						"0.0": [0, 0, 0],
						"1.0": [0, 0, 0],
						"1.75": [0, 0, 27.5],
						"2.5": [0, 0, 27.5],
						"3.5": [0, 0, 0],
						"4.25": [0, 0, 0],
						"5.0833": [-25, 0, 0],
						"6.5": [-25, 0, 0],
						"7.0": [-21.46872, 13.12479, 30.00135],
						"8.0833": [-21.47, 13.12, 30],
						"8.9583": [0, 0, 0]
					}
				},
				"right_forearm_custom_b3": {
					"rotation": [-90, 0, 0]
				},
				"bone": {
					"rotation": [0, 0, -45]
				},
				"bone6": {
					"rotation": [0, 12.5, 0]
				},
				"bone5": {
					"rotation": [0, -12.5, 0]
				},
				"rightitem": {
					"rotation": [-360, 0, -180],
					"position": [0, -2, 0]
				}
			}
		},
		"animation.freddy.new": {
			"loop": true,
			"animation_length": 2,
			"bones": {
				"left_arm_custom2": {
					"rotation": {
						"0.0": {
							"post": [0, 0, 0],
							"lerp_mode": "catmullrom"
						},
						"1.0": {
							"post": [0, 0, -7.5],
							"lerp_mode": "catmullrom"
						},
						"1.9583": {
							"post": [0, 0, 0],
							"lerp_mode": "catmullrom"
						}
					}
				},
				"right_arm_custom2": {
					"rotation": {
						"0.0": {
							"post": [0, 0, 0],
							"lerp_mode": "catmullrom"
						},
						"1.0": {
							"post": [0, 0, 10],
							"lerp_mode": "catmullrom"
						},
						"1.9583": {
							"post": [0, 0, 0],
							"lerp_mode": "catmullrom"
						}
					}
				},
				"rightitem": {
					"rotation": [180, 0, 0],
					"position": [0, 0, 2]
				}
			}
		},
		"animation.freddy.off": {
			"loop": true,
			"bones": {
				"left_arm_custom2": {
					"rotation": [-19, 4, -11]
				},
				"right_arm_custom2": {
					"rotation": [19, -4, 11]
				},
				"bone": {
					"rotation": [-12.5, 10, 355]
				},
				"head_down": {
					"rotation": [7.5, 0, 0]
				},
				"right_forearm_custom_b4": {
					"rotation": [95, 0, 0]
				},
				"bone2": {
					"rotation": [12.5, -10, -5]
				},