{
	"format_version": "1.8.0",
	"animations": {
		"animation.goldfeddy.geo.sit": {
			"loop": true,
			"bones": {
				"feddy": {
					"position": [0, -13.65, 0]
				},
				"upperpart": {
					"rotation": [17.5, 0, 0],
					"position": [0, 0.75, 0]
				},
				"feddyHed": {
					"rotation": [22.5, 0, 0]
				},
				"head": {
					"rotation": [-32.49599, -26.19531, -42.46567],
					"position": [0, 0.38302, 0.32139]
				},
				"jaw": {
					"rotation": [37.5, 0, 0]
				},
				"armL": {
					"rotation": [-10, 0, 0],
					"position": [-1, 0, 0]
				},
				"lower": {
					"rotation": [-11.35833, 22.40738, 16.84588]
				},
				"hand": {
					"rotation": [-90.85155, 62.95507, -106.36765]
				},
				"fingers": {
					"rotation": [0, 0, -42.5]
				},
				"thumb": {
					"rotation": [-81.04109, -15.09492, 58.81061]
				},
				"armR": {
					"rotation": [-15, 0, 0],
					"position": [1, 0, 0]
				},
				"lower2": {
					"rotation": [-20.07198, -32.88573, -18.51262]
				},
				"hand2": {
					"rotation": [-41.20612, -78.18628, 69.67572],
					"position": [1, 0, 0]
				},
				"thumb3": {
					"rotation": [47.5, 0, 0],
					"position": [0, 0, 0.75]
				},
				"belowpart": {
					"rotation": [-15, 0, 0]
				},
				"pelvissuit": {
					"rotation": [5, 0, 0]
				},
				"legL": {
					"rotation": [-130.18908, -6.79382, 3.18458],
					"position": [-0.25, -0.48761, -3.75163]
				},
				"lower3": {
					"rotation": [110.15874, -7.04533, -2.57816]
				},
				"foot": {
					"rotation": [36.73484, 15.27518, -3.00305]
				},
				"legR": {
					"rotation": [-130.18908, 6.79382, -3.18458],
					"position": [0.25, -0.48761, -3.75163]
				},
				"lower4": {
					"rotation": [110.15874, 7.04533, 2.57816]
				},
				"foot2": {
					"rotation": [36.77824, -15.46506, 2.8928]
				}
			}
		}
	}
}