{
	"format_version": "1.8.0",
	"animations": {
		"animation.item.first_person_6": {
			"loop": true,
			"animation_length": 1000,
			"bones": {
				"rightitem": {
					"rotation": {
						"0.0": [3.23576, -1.25007, -359.93544],
						"1000.0": [3.23576, -1.25007, -359.93544]
					},
					"position": {
						"0.0": [-0.3, -2, -2],
						"1000.0": [-0.3, -2, 1]
					}
				}
			}
		}
	}
}