{
	"format_version": "1.8.0",
	"animations": {
		"animation.item.first_person_5": {
			"loop": true,
			"animation_length": 1000,
			"bones": {
				"rightitem": {
					"rotation": {
						"0.0": [
							-84.26424,
							-1.25007,
							-359.93544
						],
						"0.5417": [
							-84.26424,
							-1.25007,
							-359.93544
						],
						"0.6667": [
							3.23576,
							-1.25007,
							-359.93544
						],
						"1000.0": [
							3.23576,
							-1.25007,
							-359.93544
						]
					},
					"position": {
						"0.0": [
							-0.3,
							3,
							-3
						],
						"0.5417": [
							-0.3,
							3,
							-3
						],
						"0.6667": [
							-0.3,
							-2,
							1
						],
						"1000.0": [
							-0.3,
							-2,
							1
						]
					}
				}
			}
		}
	}
}