{
	"format_version": "1.8.0",
	"animations": {
		"animation.mangle.idle1": {
			"loop": true
		},
		"animation.mangle.idle2": {
			"loop": true,
			"animation_length": 7.83333,
			"bones": {
				"bone11": {
					"rotation": {
						"0.0": [
							0,
							0,
							0
						],
						"0.5833": [
							0,
							0,
							0
						],
						"0.7083": [
							47.5,
							0,
							0
						],
						"7.375": [
							47.5,
							0,
							0
						],
						"7.4583": [
							0,
							0,
							0
						]
					}
				},
				"bone12": {
					"rotation": {
						"0.0": [
							0,
							0,
							0
						],
						"0.5833": [
							0,
							0,
							0
						],
						"0.7083": [
							0,
							0,
							70
						],
						"2.1667": [
							-0.03371,
							0,
							70
						],
						"2.25": [
							2.57638,
							-17.77647,
							42.69853
						],
						"5.375": [
							2.57638,
							-17.77647,
							42.69853
						],
						"5.4583": [
							-37.42362,
							-17.77647,
							42.69853
						],
						"7.375": [
							-37.42362,
							-17.77647,
							42.69853
						],
						"7.4583": [
							0,
							0,
							0
						]
					}
				},
				"head2": {
					"rotation": {
						"0.0": [
							0,
							50,
							0
						],
						"4.0": [
							0,
							50,
							0
						],
						"7.375": [
							0,
							50,
							0
						],
						"7.4583": [
							0,
							50,
							0
						]
					}
				},
				"head_up": {
					"rotation": {
						"0.0": [
							0,
							0,
							0
						],
						"0.5833": [
							0,
							0,
							0
						],
						"0.7083": [
							3.74314,
							27.0478,
							5.16524
						],
						"1.3333": [
							3.74314,
							27.0478,
							5.16524
						],
						"1.4167": [
							7.99538,
							-13.6149,
							-15.44566
						],
						"3.9167": [
							7.99538,
							-13.6149,
							-15.44566
						],
						"4.0": [
							0,
							0,
							0
						],
						"7.375": [
							0,
							0,
							0
						],
						"7.4583": [
							0,
							0,
							0
						]
					}
				},
				"bone32": {
					"rotation": {
						"0.0": [
							0,
							0,
							0
						],
						"0.5833": [
							0,
							0,
							0
						],
						"0.7083": [
							-27.5,
							0,
							0
						],
						"7.375": [
							-27.5,
							0,
							0
						],
						"7.4583": [
							0,
							0,
							0
						]
					}
				},
				"head3": {
					"rotation": {
						"0.0": [
							0,
							0,
							0
						],
						"0.5833": [
							0,
							0,
							0
						],
						"0.7083": [
							-37.5,
							0,
							0
						],
						"0.8333": [
							-42.29628,
							25.23098,
							-21.19748
						],
						"1.4167": [
							-42.29628,
							25.23098,
							-21.19748
						],
						"1.5": [
							-20.86148,
							20.67352,
							7.01671
						],
						"3.0417": [
							-20.86148,
							20.67352,
							7.01671
						],
						"3.125": [
							-29.30431,
							-9.89908,
							-22.67874
						],
						"5.7083": [
							-29.30431,
							-9.89908,
							-22.67874
						],
						"5.7917": [
							-28.29741,
							12.67252,
							16.52028
						],
						"7.375": [
							-28.29741,
							12.67252,
							16.52028
						],
						"7.4583": [
							0,
							0,
							0
						]
					}
				},
				"head_down2": {
					"rotation": {
						"0.0": [
							0,
							0,
							0
						],
						"2.1667": [
							0,
							0,
							0
						],
						"2.25": [
							-12.5,
							0,
							0
						],
						"3.625": [
							-12.5,
							0,
							0
						],
						"3.7083": [
							-2.5,
							0,
							0
						],
						"7.4583": [
							0,
							0,
							0
						]
					}
				},
				"bone26": {
					"rotation": {
						"0.0": [
							0,
							0,
							0
						],
						"7.4583": [
							0,
							0,
							0
						]
					}
				},
				"bone28": {
					"rotation": {
						"0.0": [
							0,
							0,
							0
						],
						"5.9583": [
							0,
							0,
							0
						],
						"6.125": [
							-37.5,
							0,
							0
						],
						"7.25": [
							-37.5,
							0,
							0
						],
						"7.375": [
							0,
							0,
							0
						]
					}
				},
				"bone29": {
					"rotation": {
						"0.0": [
							0,
							0,
							0
						],
						"0.5833": [
							0,
							0,
							0
						],
						"0.7083": [
							-36.38927,
							4.59902,
							27.14233
						],
						"1.875": [
							-36.38927,
							4.59902,
							27.14233
						],
						"1.9583": [
							-53.96635,
							7.64427,
							49.56754
						],
						"5.9583": [
							-53.96635,
							7.64427,
							49.56754
						],
						"6.125": [
							-16.46635,
							7.64427,
							49.56754
						],
						"7.375": [
							-16.46635,
							7.64427,
							49.56754
						],
						"7.4583": [
							0,
							0,
							0
						]
					}
				}
			}
		},
		"animation.mangle.idle3": {
			"loop": true,
			"bones": {
				"bb_main": {
					"rotation": [
						85,
						0,
						0
					],
					"position": [
						0,
						8,
						11
					]
				},
				"body": {
					"rotation": [
						30,
						0,
						0
					]
				},
				"bone11": {
					"rotation": [
						0,
						-10,
						-90
					]
				},
				"head2": {
					"rotation": [
						-88.64752,
						24.57245,
						-4.20284
					],
					"position": [
						0,
						-1,
						0
					]
				},
				"bone32": {
					"rotation": [
						35,
						0,
						22.5
					]
				},
				"bone33": {
					"rotation": [
						92.5,
						0,
						0
					]
				},
				"bone4": {
					"rotation": [
						22.5,
						-50,
						0
					]
				},
				"bone35": {
					"rotation": [
						40,
						0,
						0
					]
				},
				"bone36": {
					"rotation": [
						20,
						0,
						0
					]
				},
				"bone37": {
					"rotation": [
						24.49456,
						-4.66149,
						34.21942
					]
				},
				"bone16": {
					"rotation": [
						30,
						12.5,
						0
					]
				},
				"leftRight_2": {
					"rotation": [
						82.26317,
						35.78797,
						-43.65815
					]
				},
				"bone28": {
					"rotation": [
						20,
						0,
						0
					]
				},
				"bone29": {
					"rotation": [
						-42.5,
						0,
						-77.5
					]
				}
			}
		},
		"animation.mangle.idle4": {
			"loop": true,
			"bones": {
				"body": {
					"rotation": [
						32.5,
						0,
						0
					]
				},
				"head2": {
					"rotation": [
						40,
						0,
						0
					]
				},
				"bone32": {
					"rotation": [
						-40,
						0,
						0
					]
				},
				"bone33": {
					"rotation": [
						56.87361,
						-10.09568,
						23.89674
					]
				},
				"head3": {
					"rotation": [
						32.40432,
						27.84005,
						-17.73033
					]
				},
				"head_down2": {
					"rotation": [
						-10,
						0,
						0
					]
				}
			}
		}
	}
}