{
	"format_version": "1.8.0",
	"animations": {
		"animation.fredbear.geo.CAM1A": {
			"loop": true,
			"bones": {
				"jaw": {
					"rotation": [0, 0, 0]
				},
				"armL": {
					"rotation": [-51.1917, 14.63937, -15.14386]
				},
				"lower": {
					"rotation": [-90, 0, 0]
				},
				"fingers": {
					"rotation": [0, 0, -5]
				},
				"fingers2": {
					"rotation": [0, 0, -37.5]
				},
				"thumb": {
					"rotation": [-56.33414, 14.66435, 62.75626],
					"position": [1.89572, 0.53635, 0.96492]
				},
				"armR": {
					"rotation": [0, 0, -22.5]
				},
				"lower2": {
					"rotation": [-90, 0, 0]
				},
				"fingers3": {
					"rotation": [0, 0, 30]
				},
				"fingers4": {
					"rotation": [0, 0, 37.5]
				},
				"thumb3": {
					"rotation": [40, 0, 0],
					"position": [-0.10598, 0.07919, 0.6265]
				},
				"thumb4": {
					"rotation": [55, 0, 0]
				},
				"foot": {
					"rotation": [0, 10, 0]
				},
				"foot2": {
					"rotation": [0, -10, 0]
				},
				"head": {
					"rotation": [0, 0, 0]
				},
				"hand": {
					"rotation": [15, 0, 0]
				},
				"item": {
					"rotation": [0, -360, -180],
					"position": [3, 5, 0]
				},
				"masktop": {
					"position": [0, 1, 0]
				}
			}
		},
		"animation.fredbear.geo.attack": {
			"animation_length": 4.875,
			"bones": {
				"upperpart": {
					"rotation": {
						"0.0": [0, 0, 0],
						"0.375": [92.5, 0, 0],
						"0.5417": [60, 0, 0],
						"0.8333": [60, "0+math.sin(query.life_time*4000)*0.8", 0],
						"2.875": [60, "0+math.sin(query.life_time*4000)*0.8", 0],
						"3.0417": [60, 0, 0],
						"3.6667": [60, 0, 0],
						"4.25": [0, 0, 0]
					}
				},
				"head": {
					"rotation": {
						"0.0": [0, 0, 0],
						"0.125": [-62.5, 0, 0],
						"0.25": [-60, 0, 0],
						"0.4583": [7.5, 0, 0],
						"0.5833": [-27.5, 0, 0],
						"0.75": [-57.5, 0, 0],
						"0.9583": [-60, "math.sin(query.life_time*6000)*2", 0],
						"2.75": [-44.8696, "math.sin(query.life_time*0)*0", 0],
						"2.8333": [-44.06823, 0, 0],
						"3.0417": [-39.57447, 0, 0],
						"3.25": [-57.07447, 0, 0],
						"3.5833": [-58.7456, 0, 0],
						"4.25": [0, 0, 0]
					},
					"position": {
						"0.0": [0, 0, 0],
						"0.75": [0, -1, 2],
						"2.8333": [0, 0, 0],
						"3.0833": [0, -1.04205, 0.6],
						"3.1667": [0, 1.73205, -1],
						"3.25": [0, 0.6, 0.08],
						"4.25": [0, 0, 0]
					},
					"scale": {
						"2.8333": [1, 1, 1],
						"2.9583": [1, 1, 0.8],
						"3.1667": [1, 0.9, 1.2],
						"3.375": [1, 1, 1]
					}
				},
				"masktop": {
					"rotation": {
						"0.0": [0, 0, 0],
						"0.1667": [-7.5, 0, 0],
						"0.3333": [-15.53, 0, 0],
						"0.5833": [15.02, 0, 0],
						"0.9583": [0, 0, 0],
						"2.9583": [-15, 0, 0],
						"3.0833": [-22.5, 0, 0],
						"3.1667": [-36.25, 0, 0],
						"3.25": [0, 0, 0],
						"3.375": [-5, 0, 0],
						"3.7917": [0, 0, 0]
					},
					"position": {
						"0.0": [0, 0, 0],
						"0.75": [0, 1, 0],
						"3.1667": [0, 1, 1],
						"3.25": [0, 1, 0]
					}
				},
				"jaw": {
					"rotation": {
						"0.0": [0, 0, 0],
						"0.125": [-5.99, 0, 0],
						"0.25": [-11.98, 0, 0],
						"0.4583": [0.96, 0, 0],
						"0.5417": [10, 0, 0],
						"0.75": [7.5, 0, 0],
						"1.0": [0, 0, 0],
						"2.75": [-15, 0, 0],
						"2.9167": [-14.72955, 0, 0],
						"3.0417": [-21.04643, 0, 0],
						"3.1667": [-35.52462, 0, 0],
						"3.25": [0.65215, 0, 0],
						"3.2917": [0, 0, 0],
						"3.5": [-2.5, 0, 0],
						"3.7917": [0, 0, 0]
					},
					"position": {
						"0.0": [0, 0, 0],
						"0.75": [0, 1, 0],
						"0.8333": [0, -1.22, 0],
						"2.75": [0, -0.8, 0],
						"2.8333": [0, 1.2, 0],
						"3.125": [0, 0.2, -0.9],
						"3.2917": [0, 1, 0]
					}
				},
				"earL": {
					"rotation": {
						"0.0": [0, 0, 0],
						"0.1667": [-20, 0, 0],
						"0.375": [-20, 0, 0],
						"0.625": [60, 0, 0],
						"0.9167": [0, 0, 0],
						"2.6667": [-35, 0, 0],
						"3.0833": [-35, 0, 0],
						"3.375": [42.5, 0, 0],
						"3.6667": [-7.5, 0, 0],
						"3.9583": [0, 0, 0]
					}
				},
				"earR": {
					"rotation": {
						"0.0": [0, 0, 0],
						"0.1667": [-20, 0, 0],
						"0.375": [-20, 0, 0],
						"0.625": [60, 0, 0],
						"0.9167": [0, 0, 0],
						"2.6667": [-35, 0, 0],
						"3.0833": [-35, 0, 0],
						"3.375": [42.5, 0, 0],
						"3.6667": [-7.5, 0, 0],
						"3.9583": [0, 0, 0]
					}
				},
				"armL": {
					"rotation": [0, 0, 22.5]
				},
				"lower": {
					"rotation": [-90, 0, 0]
				},
				"fingers": {
					"rotation": [0, 0, -30]
				},
				"thumb": {
					"rotation": {
						"0.0": [6.33235, -7.58843, 10.12059],
						"4.875": [-54.2529, -7.2172, 93.46733]
					},
					"position": {
						"0.0": [0.39572, -0.06365, 0.96492],
						"4.875": [1.89572, 0.53635, 0.96492]
					}
				},
				"armR": {
					"rotation": [0, 0, -22.5]
				},
				"lower2": {
					"rotation": [-90, 0, 0]
				},
				"fingers3": {
					"rotation": [0, 0, 30]
				},
				"thumb3": {
					"rotation": [40, 0, 0],
					"position": [-0.10598, 0.07919, 0.6265]
				},
				"waist": {
					"rotation": {
						"0.0": [0, 0, 0],
						"0.5833": [15, 0, 0],
						"3.5833": [15, 0, 0],
						"4.1667": [0, 0, 0]
					}
				},
				"headendo": {
					"rotation": {
						"0.0": [0, 0, 0],
						"0.9167": [0, 0, 0],
						"2.7917": [5, 0, 0],
						"3.4583": [0, 0, 0],
						"4.8333": [0, 0, 0]
					},
					"position": {
						"0.0": [0, 0, 0],
						"0.9167": [0, 0, 0],
						"2.7917": [0, -0.3, 0.4],
						"3.125": [0, -0.33, 1.12],
						"3.4583": [0, 0, 0],
						"4.8333": [0, 0, 0]
					}
				},
				"item": {
					"scale": 0
				}
			}
		},
		"animation.fredbear.geo.walk": {
			"loop": true,
			"animation_length": 0.6,
			"bones": {
				"fredbear": {
					"position": {
						"0.0": [0, -0.5, 0],
						"0.12": [0, 0, 0],
						"0.28": [0, -0.5, 0],
						"0.44": [0, 0, 0],
						"0.6": [0, -0.5, 0]
					}
				},
				"upperpart": {
					"rotation": {
						"0.0": [4.99527, -0.21782, 2.4905],
						"0.28": [4.99527, 0.21782, -2.4905],
						"0.6": [5, -0.22, 2.49]
					}
				},
				"fredbearHed": {
					"rotation": {
						"0.0": [-4.99527, -0.21782, -2.4905],
						"0.28": [-4.99527, 0.21782, 2.4905],
						"0.6": [-5, -0.22, -2.49]
					}
				},
				"jaw": {
					"rotation": [0, 0, 0]
				},
				"fredbearbod": {
					"rotation": {
						"0.0": [0, 5, 0],
						"0.28": [0, -5, 0],
						"0.6": [0, 5, 0]
					}
				},
				"armL": {
					"rotation": {
						"0.0": [10, 0, 7.5],
						"0.28": [-10, 0, 7.5],
						"0.6": [10, 0, 7.5]
					}
				},
				"lower": {
					"rotation": {
						"0.0": [-12.5, 0, 0],
						"0.16": [-2.5, 0, 0],
						"0.32": [-12.5, 0, 0],
						"0.48": [-20, 0, 0],
						"0.6": [-12.5, 0, 0]
					}
				},
				"armR": {
					"rotation": {
						"0.0": [-10, 0, -7.5],
						"0.28": [10, 0, -7.5],
						"0.6": [-10, 0, -7.5]
					}
				},
				"lower2": {
					"rotation": {
						"0.0": [-12.5, 0, 0],
						"0.16": [-20, 0, 0],
						"0.28": [-12.5, 0, 0],
						"0.44": [-2.5, 0, 0],
						"0.6": [-12.5, 0, 0]
					}
				},
				"pelvissuit": {
					"rotation": {
						"0.0": [2.71865, -4.99523, -2.50954],
						"0.28": [2.71865, 4.99523, 2.50954],
						"0.6": [2.71865, -4.99523, -2.50954]
					}
				},
				"legL": {
					"rotation": {
						"0.0": [-20, 0, 0],
						"0.28": [17.5, 0, 0],
						"0.6": [-20, 0, 0]
					},
					"position": {
						"0.0": [0, 0, -1],
						"0.28": [0, 0, 1],
						"0.44": [0, 1, 0],
						"0.6": [0, 0, -1]
					}
				},
				"lower3": {
					"rotation": {
						"0.0": [0, 0, 0],
						"0.16": [12.5, 0, 0],
						"0.32": [25, 0, 0],
						"0.44": [35, 0, 0],
						"0.6": [0, 0, 0]
					},
					"position": {
						"0.0": [0, 0, 0],
						"0.32": [0, 0, 0],
						"0.44": [0, 1, 0],
						"0.6": [0, 0, 0]
					}
				},
				"foot": {
					"rotation": {
						"0.0": [20, 0, 0],
						"0.12": [-6.43, 0, 0],
						"0.28": [-30, 0, 0],
						"0.44": [7.5, 0, 0],
						"0.6": [20, 0, 0]
					},
					"position": {
						"0.0": [0, -1, 0],
						"0.12": [0, 0, 0],