{
	"format_version": "1.8.0",
	"animations": {
		"animation.nightmare_freddy.idle1": {
			"loop": true,
			"bones": {
				"upperpart": {
					"rotation": [
						22.25561,
						4.21497,
						-3.67321
					]
				},
				"armL2": {
					"rotation": [
						15.03282,
						-25.26085,
						-32.30722
					]
				},
				"lower5": {
					"rotation": [
						-51.95382,
						-3.90829,
						20.27153
					]
				},
				"hand2": {
					"rotation": [
						0,
						50,
						0
					]
				},
				"fingers3": {
					"rotation": [
						0,
						0,
						-22.5
					]
				},
				"thumb2": {
					"rotation": [
						0,
						17.5,
						0
					]
				},
				"armL4": {
					"rotation": [
						-16.93839,
						-4.46375,
						43.16499
					]
				},
				"lower2": {
					"rotation": [
						-31.19551,
						27.40875,
						-34.74926
					]
				},
				"fingers2": {
					"rotation": [
						0,
						0,
						32.5
					]
				},
				"thumb3": {
					"rotation": [
						0,
						-20,
						0
					]
				},
				"feddyHed": {
					"rotation": [
						-12.08681,
						3.21132,
						14.65993
					],
					"position": [
						-1,
						0,
						0
					]
				},
				"jaw": {
					"rotation": [
						20,
						0,
						0
					]
				},
				"jaw3": {
					"rotation": [
						5,
						0,
						0
					]
				},
				"legL": {
					"rotation": [
						1.94527,
						27.3376,
						10.74468
					]
				},
				"lower6": {
					"rotation": [
						0,
						0,
						-10
					]
				},
				"legR": {
					"rotation": [
						-17.5,
						-35,
						0
					]
				},
				"lower4": {
					"rotation": [
						17.5,
						0,
						0
					]
				}
			}
		},
		"animation.nightmare_freddy.idle3": {
			"loop": true,
			"bones": {
				"upperpart": {
					"rotation": [
						25.0193,
						2.30959,
						0.95723
					]
				},
				"armL2": {
					"rotation": [
						-141.58574,
						-28.10575,
						31.69438
					]
				},
				"lower5": {
					"rotation": [
						11.34221,
						-20.38913,
						35.77797
					]
				},
				"hand2": {
					"rotation": [
						0,
						105,
						0
					]
				},
				"fingers3": {
					"rotation": [
						0,
						0,
						-22.5
					]
				},
				"thumb2": {
					"rotation": [
						0,
						17.5,
						0
					]
				},
				"armL4": {
					"rotation": [
						-55.77122,
						41.74333,
						96.41707
					]
				},
				"lower2": {
					"rotation": [
						-31.19551,
						27.40875,
						-34.74926
					]
				},
				"fingers2": {
					"rotation": [
						0,
						0,
						32.5
					]
				},
				"thumb3": {
					"rotation": [
						0,
						-20,
						0
					]
				},
				"feddyHed": {
					"rotation": [
						2.5,
						0,
						0
					],
					"position": [
						-1,
						1,
						-3
					]
				},
				"jaw": {
					"rotation": [
						20,
						0,
						0
					]
				},
				"jaw3": {
					"rotation": [
						5,
						0,
						0
					]
				},
				"legL": {
					"rotation": [
						-0.61883,
						22.39471,
						5.17524
					]
				},
				"lower6": {
					"rotation": [
						0,
						0,
						-2.5
					]
				},
				"legR": {
					"rotation": [
						-15.23991,
						-19.9815,
						-2.35287
					]
				},
				"lower4": {
					"rotation": [
						17.5,
						0,
						0
					]
				}
			}
		},
		"animation.nightmare_freddy.idle4": {
			"loop": true,
			"bones": {
				"upperpart": {
					"rotation": [
						7.5193,
						2.30959,
						0.95723
					]
				},
				"armL2": {
					"rotation": [
						-59.78062,
						-27.32595,
						-8.07049
					]
				},
				"lower5": {
					"rotation": [
						-40.68027,
						-15.07729,
						12.75023
					]
				},
				"hand2": {
					"rotation": [
						0,
						85,
						0
					]
				},
				"fingers3": {
					"rotation": [
						0,
						0,
						-22.5
					]
				},
				"thumb2": {
					"rotation": [
						0,
						17.5,
						0
					]
				},
				"armL4": {
					"rotation": [
						-48.6801,
						-29.46664,
						56.90371
					]
				},
				"lower2": {
					"rotation": [
						0.21346,
						11.98743,
						60.95068
					]
				},
				"fingers2": {
					"rotation": [
						0,
						0,
						32.5
					]
				},
				"thumb3": {
					"rotation": [
						0,
						-20,
						0
					]
				},
				"feddyHed": {
					"rotation": [
						-7.6438,
						-13.36898,
						-5.78657
					],
					"position": [
						-1,
						1,
						-3
					]
				},
				"jaw": {
					"rotation": [
						20,
						0,
						0
					]
				},
				"jaw3": {
					"rotation": [
						5,
						0,
						0
					]
				},
				"legL": {
					"rotation": [
						-1.6477,
						22.34526,
						2.47228
					]
				},
				"lower6": {
					"rotation": [
						0,
						0,
						-2.5
					]
				},
				"legR": {
					"rotation": [
						-14.74566,
						-13.91901,
						1.11107
					]
				},
				"lower4": {
					"rotation": [
						17.5,
						0,
						0
					]
				}
			}
		},
		"animation.nightmare_freddy.idle5": {
			"loop": true,
			"bones": {
				"upperpart": {
					"rotation": [
						22.5193,
						2.30959,
						0.95723
					]
				},
				"armL2": {
					"rotation": [
						-84.06658,
						28.56265,
						174.38909
					]
				},
				"lower5": {
					"rotation": [
						28.12574,
						-3.88165,
						-9.95568
					]
				},
				"hand2": {
					"rotation": [
						0,
						85,
						0
					]
				},
				"fingers3": {
					"rotation": [
						0,
						0,
						-22.5
					]
				},
				"thumb2": {
					"rotation": [
						0,
						17.5,
						0
					]
				},
				"armL4": {
					"rotation": [
						-18.6801,
						-29.46664,
						56.90371
					]
				},
				"lower2": {
					"rotation": [
						-107.13367,
						-19.75974,
						-57.70248
					]
				},
				"fingers2": {
					"rotation": [
						0,
						0,
						32.5
					]
				},
				"thumb3": {
					"rotation": [
						0,
						-20,
						0
					]
				},
				"feddyHed": {
					"rotation": [
						-8.6872,
						4.57823,
						11.53296
					],
					"position": [
						-1,
						1,
						-3
					]
				},
				"jaw": {
					"rotation": [
						20,
						0,
						0
					]
				},
				"jaw3": {
					"rotation": [
						5,
						0,
						0
					]
				},
				"legL": {
					"rotation": [
						6.32401,
						39.45614,
						14.81619
					]
				},
				"lower6": {
					"rotation": [
						0.10912,
						-2.49762,
						-12.50238
					]
				},
				"legR": {
					"rotation": [
						-29.74566,
						-13.91901,
						1.11107
					]
				},
				"lower4": {
					"rotation": [
						30,
						0,
						0
					]
				},
				"feddy": {
					"position": [
						0,
						-1,
						0
					]
				},
				"lower3": {
					"position": [
						0,
						1,
						0
					]
				}
			}
		},
		"animation.nightmare_freddy.idle2": {
			"loop": true,
			"bones": {
				"feddy": {
					"position": [
						0,
						-0.7,
						0
					]
				},
				"armL2": {
					"rotation": [
						0,
						0,
						-27.5
					]
				},
				"lower5": {
					"rotation": [
						-15,
						0,
						22.5
					]
				},
				"fingers3": {
					"rotation": [
						0,
						0,
						-30
					]
				},
				"armL4": {
					"rotation": [
						0,
						0,
						30
					]
				},
				"lower2": {
					"rotation": [
						-17.5,
						0,
						-25
					]
				},
				"hand3": {
					"rotation": [
						0,
						0,
						-7.5
					]
				},
				"fingers2": {
					"rotation": [
						0,
						0,
						17.5
					]
				},
				"jaw3": {
					"rotation": [
						12.5,
						0,
						0
					]
				},
				"legL": {
					"rotation": [
						-12.5,
						0,
						0
					]
				},
				"lower3": {
					"rotation": [
						27.5,
						0,
						0
					]
				},
				"foot": {
					"rotation": [
						-15,
						0,
						0
					]
				},
				"legR": {
					"rotation": [
						-15,
						0,
						0
					]
				},
				"lower4": {
					"rotation": [
						30,
						0,
						0
					]
				},
				"foot3": {
					"rotation": [
						-15,
						0,
						0
					]
				}
			}
		}
	}
}