{
	"format_version": "1.8.0",
	"animations": {
		"animation.old_chica.attack": {
			"loop": true,
			"animation_length": 2.33333,
			"bones": {
				"body": {
					"rotation": {
						"0.0": [0, 0, 0],
						"0.1667": [80, 0, 0],
						"0.25": [32.5, 0, 0],
						"0.375": [40, 0, 0],
						"1.7083": [40, 0, 0],
						"1.9583": [40, 0, 0],
						"2.3333": [0, 0, 0]
					}
				},
				"head2": {
					"rotation": {
						"0.0": [0, 0, 0],
						"0.0833": [-62.5, 0, 0],
						"0.2083": [60, 0, 0],
						"0.3333": [-40.144, -22.32924, -24.25045],
						"0.4167": [-32.64, "-22.33+math.sin(query.life_time*1700)*-20", "-24.25+math.sin(query.life_time*1700)*-20"],
						"1.5417": [-32.64, "-22.33+math.sin(query.life_time*1700)*-20", "-24.25+math.sin(query.life_time*1700)*-20"],
						"1.6667": [-32.64, -22.33, -24.25],
						"2.0": [-32.64, -22.33, -24.25],
						"2.3333": [0, 0, 0]
					},
					"position": {
						"0.2917": [0, 0, 0],
						"0.375": ["0+math.sin(query.life_time*1700)*-1", "0+math.sin(query.life_time*3000)*1", 0],
						"1.4583": ["0+math.sin(query.life_time*1700)*-1", "0+math.sin(query.life_time*3000)*1", 0],
						"1.5": [0.3, 1.91, 1],
						"1.5417": [0, 0, -2],
						"2.1667": [0, 0, -2],
						"2.2917": [0, 0, 0]
					}
				},
				"bone10": {
					"rotation": {
						"0.25": [0, 0, 0],
						"0.5": ["27.5+math.sin(query.life_time*1700)*20", 0, 0],
						"1.5": ["27.5+math.sin(query.life_time*3000)*30", 0, 0],
						"1.6667": [0, 0, 0]
					}
				},
				"rightitem": {
					"rotation": [0, 180, 0],
					"position": [0.4, 0, -2.8]
				}
			}
		},
		"animation.old_chica.showtime2": {
			"loop": true,
			"animation_length": 8.95833,
			"bones": {
				"body": {
					"rotation": {
						"0.0": [0, 0, 0],
						"0.5": [0, 0, 0],
						"0.9167": [0, 15, 0],
						"1.875": [0, 15, 0],
						"2.375": [-2.66399, -14.76689, 10.34527],
						"3.5": [-2.66399, -14.76689, 10.34527],
						"4.0": [22.34, -14.77, 10.35],
						"5.125": [22.34, -14.77, 10.35],
						"5.6667": [0, 0, 0]
					}
				},
				"head2": {
					"rotation": {
						"0.0": [0, 0, 0],
						"0.75": [0, 0, 0],
						"1.625": [0, 22.5, 0],
						"2.9583": [0, 22.5, 0],
						"3.9583": [0, -22.5, 0],
						"5.0417": [0, -22.5, 0],
						"6.0": [2.73561, 10.94211, 12.13668],
						"6.5": [2.73561, 10.94211, 12.13668],
						"7.0833": [19.16167, 10.94211, 12.13668],
						"7.9167": [19.16167, 10.94211, 12.13668],
						"8.7083": [0, 0, 0]
					}
				},
				"bone10": {
					"rotation": {
						"0.0": [0, 0, 0],
						"1.7917": [0, 0, 0],
						"2.125": [20, 0, 0],
						"2.4583": [0, 0, 0],
						"2.7917": [20, 0, 0],
						"3.125": [0, 0, 0],
						"3.9167": [0, 0, 0],
						"4.2917": [20, 0, 0],
						"5.375": [20, 0, 0],
						"5.7083": [0, 0, 0],
						"6.7083": [0, 0, 0],
						"7.125": [20, 0, 0],
						"7.5": [0, 0, 0],
						"7.8333": [20, 0, 0],
						"8.1667": [0, 0, 0],
						"8.4583": [20, 0, 0],
						"8.75": [0, 0, 0]
					}
				},
				"left_arm_custom2": {
					"rotation": {
						"0.0": [0, 0, 0],
						"1.0": [0, 0, 0],
						"1.75": [0, 0, -27.5],
						"2.5": [0, 0, -27.5],
						"3.5": [0, 0, 0],
						"4.25": [0, 0, 0],
						"5.0833": [25, 0, 0],
						"6.5": [25, 0, 0],
						"7.0833": [27, -19, -27],
						"8.1667": [27, -19, -27],
						"8.9583": [0, 0, 0]
					}
				},
				"right_forearm_custom_b4": {
					"rotation": [80, 0, 0]
				},
				"bone2": {
					"rotation": [0, 180, 0]
				},
				"right_arm_custom2": {
					"rotation": [0, 0, "27.5+math.sin(query.life_time*300)*10"]
				},
				"right_forearm_custom_b3": {
					"rotation": [-65, 0, 0]
				},
				"bone": {
					"rotation": [0, -30, 0]
				},
				"bone6": {
					"rotation": [0, 12.5, 0]
				},
				"bone5": {
					"rotation": [0, -12.5, 0]
				},
				"rightitem": {
					"position": [0, 0, -1.4]
				}
			}
		},
		"animation.old_chica.showtime": {
			"loop": true,
			"animation_length": 7.95833,
			"bones": {
				"body": {
					"rotation": {
						"0.5": [0, 0, 0],
						"0.75": [0, -7.5, 0],
						"0.875": [0, -7.5, 0],
						"0.9583": [0, -7.5, 0],
						"1.1667": [0, -15, 0],
						"2.25": [0, -15, 0],
						"3.4167": [0, -15, 0],
						"4.0": [0, 0, 0],
						"5.0": [0, 0, 0],
						"5.4167": [0, 12.5, 0],
						"6.7083": [0, 12.5, 0],
						"7.9583": [0, 0, 0]
					}
				},
				"head2": {
					"rotation": {
						"0.9583": [0, 0, 0],
						"1.3333": [0, 15, 0],
						"3.25": [0, 15, 0],
						"3.5": [0, -15, 0],
						"6.0": [0, -15, 0],
						"6.4167": [0, 27.5, 0],
						"7.1667": [0, 27.5, 0],
						"7.6667": [0, 0, 0]
					}
				},
				"left_arm_custom2": {
					"rotation": [0, 0, 0]
				},
				"right_forearm_custom_b4": {
					"rotation": [80, 0, 0]
				},
				"bone2": {
					"rotation": [0, -180, 0]
				},
				"right_arm_custom2": {
					"rotation": [0, 0, 27.5]
				},
				"right_forearm_custom_b3": {
					"rotation": [-65, 0, 0]
				},
				"bone": {
					"rotation": [0, -30, 0]
				},
				"rightitem": {
					"position": [0, 0, -1.4]
				}
			}
		},
		"animation.old_chica.off": {
			"loop": true,
			"bones": {
				"head2": {
					"rotation": [5, 0, 0]
				},
				"left_arm_custom2": {
					"rotation": [-19, 4, -11]
				},
				"right_arm_custom2": {
					"rotation": [-19, -14, 26]
				},
				"bone2": {
					"rotation": [167.5, 10, -185]
				},
				"rightitem": {
					"position": [0, 0, -1.4]
				},
				"bone10": {
					"rotation": [5, 0, 0]
				},
				"right_forearm_custom_b4": {
					"rotation": [95, 0, 0]
				},
				"right_forearm_custom_b3": {
					"rotation": [-27.5, -22.5, 0]
				},
				"bone": {
					"rotation": [-15, -40, 0]
				}
			}
		}
	}
}