{
	"format_version": "1.8.0",
	"animations": {
		"animation.pirate_cove_place.close": {
			"animation_length": 1000,
			"bones": {
				"open": {
					"rotation": {
						"0.0": [
							-93.21873,
							-3.82821,
							-49.8924
						],
						"1000.0": [
							-93.21873,
							-3.82821,
							-49.8924
						]
					},
					"position": {
						"0.0": [
							0,
							-79,
							0
						],
						"1000.0": [
							0,
							-79,
							0
						]
					}
				}
			}
		},
		"animation.pirate_cove_place.open": {
			"animation_length": 1000,
			"bones": {
				"close": {
					"rotation": {
						"0.0": [
							-95.54401,
							-5.05904,
							-42.25489
						],
						"999.9583": [
							-95.54401,
							-5.05904,
							-42.25489
						]
					},
					"position": {
						"0.0": [
							0,
							-75,
							0
						],
						"999.9583": [
							0,
							-75,
							0
						]
					}
				}
			}
		}
	}
}