{
	"format_version": "1.8.0",
	"animations": {
		"animation.toy_bonnie.idle": {
			"loop": true,
			"bones": {
				"head2": {
					"rotation": [
						7.5,
						0,
						2.5
					]
				},
				"head_down": {
					"rotation": [
						7.5,
						0,
						0
					]
				},
				"left_arm_custom2": {
					"rotation": [
						0,
						0,
						-12.5
					]
				},
				"right_forearm_custom_b4": {
					"rotation": [
						70,
						0,
						0
					]
				},
				"bone2": {
					"rotation": [
						88.94271,
						2.52046,
						-87.78047
					]
				},
				"right_forearm_custom_b3": {
					"rotation": [
						-97.5,
						0,
						0
					]
				},
				"bone": {
					"rotation": [
						58.8836,
						-19.6835,
						-79.37242
					]
				},
				"rightitem": {
					"rotation": [
						90,
						-87.5,
						-270
					],
					"position": [
						2,
						0.5,
						-24
					]
				}
			}
		},
		"animation.bonnie.showtime": {
			"loop": true,
			"animation_length": 8.8333,
			"bones": {
				"body": {
					"rotation": {
						"0.5": [
							0,
							0,
							0
						],
						"0.75": [
							0,
							-7.5,
							0
						],
						"0.875": [
							0,
							-7.5,
							0
						],
						"0.9583": [
							0,
							-7.5,
							0
						],
						"1.1667": [
							0,
							-15,
							0
						],
						"2.25": [
							0,
							-15,
							0
						],
						"3.4167": [
							0,
							-15,
							0
						],
						"4.0": [
							0,
							0,
							0
						],
						"5.0": [
							0,
							0,
							0
						],
						"5.4167": [
							0,
							12.5,
							0
						],
						"6.7083": [
							0,
							12.5,
							0
						],
						"7.9583": [
							0,
							0,
							0
						]
					}
				},
				"head2": {
					"rotation": {
						"0.9583": [
							0,
							0,
							0
						],
						"1.3333": [
							0,
							-15,
							0
						],
						"3.25": [
							0,
							-15,
							0
						],
						"3.5": [
							0,
							15,
							0
						],
						"6.0": [
							0,
							15,
							0
						],
						"6.4167": [
							0,
							-27.5,
							0
						],
						"7.1667": [
							0,
							-27.5,
							0
						],
						"7.6667": [
							0,
							0,
							0
						]
					}
				},
				"left_arm_custom2": {
					"rotation": [
						0,
						0,
						-12.5
					]
				},
				"right_forearm_custom_b4": {
					"rotation": [
						70,
						0,
						0
					]
				},
				"bone2": {
					"rotation": [
						88.94271,
						2.52046,
						-87.78047
					]
				},
				"right_forearm_custom_b3": {
					"rotation": [
						-97.5,
						0,
						0
					]
				},
				"bone": {
					"rotation": [
						58.8836,
						-19.6835,
						-79.37242
					]
				},
				"bone6": {
					"rotation": [
						0,
						12.5,
						0
					]
				},
				"bone5": {
					"rotation": [
						0,
						-12.5,
						0
					]
				},
				"rightitem": {
					"rotation": [
						90,
						-87.5,
						-270
					],
					"position": [
						2,
						0.5,
						-24
					]
				}
			}
		},
		"animation.toy_bonnie.attack": {
			"loop": true,
			"animation_length": 3.79167,
			"override_previous_animation": true,
			"bones": {
				"body4": {
					"rotation": {
						"0.0": [
							0,
							0,
							0
						],
						"0.2917": [
							60,
							0,
							0
						],
						"0.5": [
							45,
							0,
							"0+math.sin(query.life_time*4000)*0.8"
						],
						"2.4583": [
							45,
							"0+math.sin(query.life_time*8000)*0.8",
							"0+math.sin(query.life_time*8000)*0.8"
						],
						"2.6667": [
							-5,
							0,
							0
						],
						"2.8333": [
							2.5,
							0,
							0
						],
						"2.9583": [
							0,
							0,
							0
						]
					}
				},
				"head2": {
					"rotation": {
						"0.0": [
							0,
							0,
							0
						],
						"0.25": [
							-42.5,
							0,
							0
						],
						"0.4167": [
							30,
							0,
							0
						],
						"0.5833": [
							-45,
							"-30+math.sin(query.life_time*3000)*8",
							"-19+math.sin(query.life_time*2000)*8"
						],
						"2.4167": [
							-45,
							"-30+math.sin(query.life_time*5000)*8",
							"-19+math.sin(query.life_time*4000)*8"
						],
						"2.625": [
							20,
							0,
							0
						],
						"2.7917": [
							-15,
							0,
							0
						],
						"2.9167": [
							10,
							0,
							0
						],
						"3.0833": [
							0,
							0,
							0
						]
					}
				},
				"head_up": {
					"rotation": {
						"0.0": [
							0,
							0,
							0
						],
						"0.0833": [
							-10,
							0,
							0
						],
						"0.2083": [
							7.5,
							0,
							0
						],
						"0.2917": [
							0,
							0,
							0
						]
					}
				},
				"head_down": {
					"rotation": {
						"0.125": [
							0,
							0,
							0
						],
						"0.2917": [
							"30+math.sin(query.life_time*4000)*6",
							0,
							0
						],
						"2.25": [
							"30+math.sin(query.life_time*8000)*6",
							0,
							0
						],
						"2.4167": [
							"2.5+math.sin(query.life_time*8000)*6",
							0,
							0
						],
						"2.5833": [
							0,
							0,
							0
						]
					}
				},
				"body": {
					"rotation": {
						"0.0": [
							0,
							0,
							0
						],
						"0.2917": [
							60,
							0,
							0
						],
						"0.5": [
							45,
							0,
							"0+math.sin(query.life_time*4000)*0.8"
						],
						"2.4583": [
							45,
							"0+math.sin(query.life_time*8000)*0.8",
							"0+math.sin(query.life_time*8000)*0.8"
						],
						"2.6667": [
							-5,
							0,
							0
						],
						"2.8333": [
							2.5,
							0,
							0
						],
						"2.9583": [
							0,
							0,
							0
						]
					}
				},
				"left_arm_custom2": {
					"rotation": {
						"0.0": [
							0,
							0,
							0
						],
						"0.2083": [
							-20,
							0,
							0
						],
						"0.4583": [
							"65+math.sin(query.life_time*4000)*0.8",
							"0+math.sin(query.life_time*4000)*0.8",
							"-45+math.sin(query.life_time*4000)*0.8"
						],
						"2.3333": [
							"65+math.sin(query.life_time*3000)*0.8",
							"0+math.sin(query.life_time*9000)*0.8",
							"-45+math.sin(query.life_time*7000)*0.8"
						],
						"2.5417": [
							30,
							0,
							0
						],
						"2.75": [
							-17.5,
							0,
							0
						],
						"2.9167": [
							5,
							0,
							0
						],
						"3.0417": [
							0,
							0,
							0
						]
					}
				},
				"right_forearm_custom_b4": {
					"rotation": {
						"0.0": [
							0,
							0,
							0
						],
						"0.2083": [
							-20,
							0,
							0
						],
						"0.4583": [
							"65+math.sin(query.life_time*4000)*0.8",
							"0+math.sin(query.life_time*4000)*0.8",
							"45+math.sin(query.life_time*4000)*0.8"
						],
						"2.375": [
							"65+math.sin(query.life_time*3000)*0.8",
							"0+math.sin(query.life_time*9000)*0.8",
							"45+math.sin(query.life_time*7000)*0.8"
						],
						"2.5833": [
							30,
							0,
							0
						],
						"2.7917": [
							-17.5,
							0,
							0
						],
						"2.9583": [
							5,
							0,
							0
						],
						"3.0833": [
							0,
							0,
							0
						]
					}
				},
				"bone2": {
					"rotation": {
						"0.0": [
							0,
							0,
							0
						],
						"0.2083": [
							-20,
							0,
							0
						],
						"0.4583": [
							"-12.5+math.sin(query.life_time*4000)*0.8",
							"-20+math.sin(query.life_time*4000)*0.8",
							"32.5+math.sin(query.life_time*4000)*0.8"
						],
						"2.4167": [
							"-12.5+math.sin(query.life_time*3000)*0.8",
							"-20+math.sin(query.life_time*9000)*0.8",
							"32.5+math.sin(query.life_time*7000)*0.8"
						],
						"2.625": [
							30,
							0,
							0
						],
						"2.8333": [
							-17.5,
							0,
							0
						],
						"3.0": [
							5,
							0,
							0
						],
						"3.125": [
							0,
							0,
							0
						]
					}
				},
				"right_arm_custom2": {
					"rotation": {
						"0.0": [
							0,
							0,
							0
						],