{
	"format_version": "1.8.0",
	"animations": {
		"animation.balloon_boy.pose1": {
			"loop": true,
			"animation_length": 7.25,
			"bones": {
				"rightLeg_2": {
					"rotation": [
						0,
						12.5,
						0
					]
				},
				"LeftLeg_2": {
					"rotation": [
						0,
						-12.5,
						0
					]
				},
				"rightArm": {
					"rotation": [
						-71.32319,
						74.20678,
						18.01813
					],
					"position": [
						0,
						-1,
						0
					]
				},
				"leftArm": {
					"rotation": [
						-98.70187,
						-70.77084,
						17.32122
					],
					"position": [
						0,
						-1,
						0
					]
				},
				"leftArm_2": {
					"rotation": [
						-4.89255,
						3.90095,
						-12.8799
					],
					"position": [
						-0.4,
						0.4,
						0
					]
				},
				"bone": {
					"rotation": [
						0,
						0,
						0
					]
				},
				"arm": {
					"rotation": {
						"0.0": [
							0,
							0,
							0
						],
						"1.9583": [
							0,
							0,
							0
						],
						"2.3333": [
							0,
							0,
							32.5
						],
						"3.5": [
							0,
							0,
							0
						]
					}
				},
				"arm2": {
					"rotation": {
						"0.0": [
							0,
							0,
							0
						],
						"1.2083": [
							0,
							0,
							0
						],
						"1.75": [
							360,
							0,
							0
						],
						"3.4583": [
							360,
							0,
							0
						],
						"3.875": {
							"pre": [
								0,
								0,
								0
							],
							"post": [
								0,
								0,
								0
							],
							"lerp_mode": "catmullrom"
						}
					}
				},
				"bone3": {
					"rotation": [
						0,
						"90+math.cos(q.anim_time*200)*-200",
						0
					]
				},
				"bone4": {
					"rotation": {
						"0.0": [
							0,
							0,
							0
						],
						"0.5417": [
							0,
							0,
							0
						],
						"0.6667": [
							0,
							0,
							0
						],
						"0.7083": [
							0,
							-1.49748,
							0
						],
						"0.75": [
							0,
							-5.9609,
							0
						],
						"0.8333": [
							0,
							-19.0391,
							0
						],
						"0.875": [
							0,
							-23.50252,
							0
						],
						"0.9167": [
							0,
							-25,
							0
						],
						"1.4583": [
							0,
							-27.94029,
							0
						],
						"2.0": [
							0,
							-31.1664,
							0
						],
						"2.4583": [
							0,
							-33.72411,
							0
						],
						"2.5": [
							0,
							-33.86,
							0
						],
						"2.5417": [
							0,
							-30.79377,
							0
						],
						"2.5833": [
							0,
							-24.18293,
							0
						],
						"2.625": [
							0,
							-15.83843,
							0
						],
						"2.6667": [
							0,
							-6.58458,
							0
						],
						"2.75": [
							0,
							12.72458,
							0
						],
						"2.7917": [
							0,
							21.97843,
							0
						],
						"2.8333": [
							0,
							30.32293,
							0
						],
						"2.875": [
							0,
							36.93377,
							0
						],
						"2.9167": [
							0,
							40,
							0
						],
						"3.4583": [
							0,
							40,
							0
						],
						"4.0": [
							0,
							40,
							0
						],
						"4.5417": [
							0,
							40,
							0
						],
						"5.0833": [
							0,
							40,
							0
						],
						"5.625": [
							0,
							40,
							0
						],
						"5.9167": [
							0,
							40,
							0
						],
						"6.25": [
							0,
							0,
							0
						]
					}
				},
				"bone6": {
					"position": {
						"0.0": [
							0,
							0.01,
							0
						],
						"0.4583": [
							0,
							0.01,
							0
						],
						"0.7083": [
							0,
							-0.6,
							0
						],
						"4.25": [
							0,
							-0.5,
							0
						],
						"4.375": [
							0,
							0,
							0
						]
					}
				},
				"bone7": {
					"position": {
						"0.0": [
							0,
							-0.4,
							0
						],
						"0.4583": [
							0,
							-0.4,
							0
						],
						"0.7083": [
							0,
							0.1,
							0
						],
						"4.25": [
							0,
							0,
							0
						],
						"4.375": [
							0,
							-0.4,
							0
						]
					}
				},
				"bone8": {
					"position": {
						"0.0": [
							0,
							0,
							0
						],
						"1.7917": [
							0,
							0,
							0
						],
						"1.9167": [
							0,
							0.42,
							0
						],
						"2.7083": [
							0,
							0.42,
							0
						],
						"2.8333": [
							0,
							-0.5,
							0
						],
						"4.5": [
							0,
							-0.5,
							0
						],
						"4.75": [
							0,
							0,
							0
						]
					}
				},
				"right_1": {
					"position": {
						"0.0": [
							0,
							0,
							0
						],
						"2.5833": {
							"pre": [
								0,
								0,
								0
							],
							"post": [
								0,
								0,
								0
							]
						}
					},
					"scale": {
						"0.0": [
							1,
							1,
							1
						],
						"2.5833": {
							"pre": [
								1,
								1,
								1
							],
							"post": [
								0,
								1,
								1
							]
						},
						"6.0417": {
							"pre": [
								0,
								1,
								1
							],
							"post": [
								1,
								1,
								1
							]
						}
					}
				},
				"left_2": {
					"scale": {
						"0.0": [
							0,
							0,
							0
						],
						"1.0": {
							"pre": [
								0,
								0,
								0
							],
							"post": [
								1,
								1,
								1
							]
						},
						"2.5833": {
							"pre": [
								1,
								1,
								1
							],
							"post": [
								0,
								0,
								0
							]
						}
					}
				}
			}
		},
		"animation.balloon_boy.pose2": {
			"loop": true,
			"bones": {
				"rightLeg": {
					"rotation": [
						0,
						0,
						45
					],
					"position": [
						0,
						1,
						0
					]
				},
				"rightLeg_2": {
					"rotation": [
						0,
						20,
						0
					]
				},
				"LeftLeg_2": {
					"rotation": [
						0,
						-27.5,
						0
					]
				},
				"body": {
					"rotation": [
						0,
						0,
						12.5
					]
				},
				"rightArm": {
					"rotation": [
						-170,
						87.5,
						-87.5
					]
				},
				"leftArm": {
					"rotation": [
						0,
						-22.5,
						-27.5
					]
				},
				"Head": {
					"rotation": [
						0,
						0,
						-7.5
					]
				},
				"bone": {
					"scale": [
						1,
						0.6,
						0.1
					]
				}
			}
		},
		"animation.balloon_boy.showtime": {
			"loop": true,
			"animation_length": 7.70833,
			"bones": {
				"rightLeg": {
					"rotation": [
						0,
						12.5,
						0
					]
				},
				"LeftLeg_2": {
					"rotation": [
						0,
						-12.5,
						0
					]
				},
				"body": {
					"rotation": {
						"0.0": [
							0,
							-10,
							0
						],
						"2.1667": [
							0,
							-10,
							0
						],
						"3.25": [
							0,
							12.5,
							0
						],
						"4.9167": [
							0,
							12.5,
							0
						],
						"5.9583": [
							0,
							-10,
							0
						]
					}
				},
				"rightArm": {
					"rotation": {
						"0.0": [
							0,
							90,
							90
						],
						"2.0": [
							0,
							90,
							90
						],
						"2.4583": [
							0,
							90,
							110
						],
						"4.9167": [
							0,
							90,
							110
						],
						"5.4583": [
							0,
							90,
							90
						]
					},
					"position": [
						-0.25,
						-1,
						0
					]
				},
				"rightArm_2": {
					"rotation": {
						"0.0": [
							-22.5,
							0,
							0
						],
						"0.6667": [
							-22.5,
							0,
							0
						],
						"0.9167": [
							0,
							0,
							0
						],
						"2.5": [
							0,
							0,
							0
						],
						"6.5833": [
							0,
							0,
							0
						],
						"7.3333": [
							-22.5,
							0,
							0
						]
					}
				},
				"leftArm": {
					"rotation": [
						0,
						-90,
						-450
					],
					"position": [
						0.5,
						-1,
						0
					]
				},
				"leftArm_2": {
					"rotation": {
						"2.875": [
							0,
							0,
							0
						],
						"3.5": [
							0,
							360,
							0
						]
					}
				},